member_casual,month,average_duration
casual,Jan,1541.0753987967162
casual,Feb,2962.6861796643343
casual,Mar,2289.6601370971443
casual,Apr,2281.563115893965
casual,May,2294.107996480435
casual,Jun,2227.55684013413
casual,Jul,1967.610699734755
casual,Aug,1727.4468648207196
casual,Sep,1669.1291281884346
casual,Oct,1720.6990237281548
casual,Nov,1388.128681561377
casual,Dec,1611.1375608454928
member,Jan,772.3779522557004
member,Feb,1081.4072376417562
member,Mar,838.2379409647101
member,Apr,881.4493175541764
member,May,878.4177384770852
member,Jun,880.7195375780533
member,Jul,854.4422889326141
member,Aug,846.1454816577397
member,Sep,824.1946047934282
member,Oct,750.1863095093705
member,Nov,678.6070124264878
member,Dec,764.9992683192005
