member_casual,day_of_week,average_duration
casual,Sunday,2264.908759797149
casual,Monday,1919.3655396066647
casual,Tuesday,1680.4297926454265
casual,Wednesday,1664.7848516057654
casual,Thursday,1672.9907682023652
casual,Friday,1835.0864095863512
casual,Saturday,2094.497483782648
member,Sunday,946.0513710580893
member,Monday,800.6540283665073
member,Tuesday,771.4585332168788
member,Wednesday,779.1509372122354
member,Thursday,776.0022167519438
member,Friday,808.290264872205
member,Saturday,921.3098618362505
